X,CH1,CH2,Start,Increment,
Sequence,Volt,Volt,-1.336000e-02,2.000000e-05
0,-3.80e+00,-4.00e-04,
1,-4.40e+00,-4.00e-03,
2,-4.40e+00,-1.20e-03,
3,-4.00e+00,-4.40e-03,
4,-4.00e+00,-1.20e-03,
5,-4.60e+00,-4.00e-03,
6,-4.60e+00,-1.20e-03,
7,-4.20e+00,-4.40e-03,
8,-4.20e+00,-4.40e-03,
9,-5.00e+00,-8.00e-04,
10,-5.00e+00,-4.40e-03,
11,-4.40e+00,-8.00e-04,
12,-4.40e+00,-4.40e-03,
13,-5.20e+00,-1.20e-03,
14,-5.20e+00,-1.20e-03,
15,-4.80e+00,-4.40e-03,
16,-4.80e+00,-1.60e-03,
17,-5.40e+00,-4.80e-03,
18,-5.00e+00,-4.80e-03,
19,-5.40e+00,-8.00e-04,
20,-5.40e+00,-4.80e-03,
21,-5.00e+00,-2.00e-03,
22,-5.00e+00,-1.20e-03,
23,-5.60e+00,-4.40e-03,
24,-5.60e+00,-2.00e-03,
25,-5.20e+00,-4.80e-03,
26,-5.20e+00,-4.80e-03,
27,-5.60e+00,-2.00e-03,
28,-5.20e+00,-4.40e-03,
29,-5.80e+00,-1.60e-03,
30,-5.40e+00,-2.00e-03,
31,-5.80e+00,-4.80e-03,
32,-5.40e+00,-4.40e-03,
33,-5.80e+00,-2.00e-03,
34,-5.40e+00,-1.60e-03,
35,-6.00e+00,-4.80e-03,
36,-6.00e+00,-4.80e-03,
37,-5.40e+00,-2.40e-03,
38,-6.00e+00,-2.40e-03,
39,-5.60e+00,-4.80e-03,
40,-6.00e+00,-1.60e-03,
41,-5.60e+00,-4.80e-03,
42,-5.60e+00,-1.20e-03,
43,-6.00e+00,-4.80e-03,
44,-5.60e+00,-2.00e-03,
45,-6.20e+00,-5.20e-03,
46,-6.20e+00,-1.60e-03,
47,-5.60e+00,-5.20e-03,
48,-6.20e+00,-4.80e-03,
49,-5.80e+00,-1.20e-03,
50,-6.20e+00,-4.80e-03,
51,-6.00e+00,-1.20e-03,
52,-6.20e+00,-5.20e-03,
53,-6.00e+00,-1.60e-03,
54,-6.20e+00,-4.80e-03,
55,-6.00e+00,-2.00e-03,
56,-6.20e+00,-1.60e-03,
57,-6.00e+00,-4.80e-03,
58,-6.20e+00,-4.80e-03,
59,-6.00e+00,-1.20e-03,
60,-6.20e+00,-5.20e-03,
61,-5.80e+00,-1.20e-03,
62,-6.20e+00,-1.60e-03,
63,-5.80e+00,-4.80e-03,
64,-6.20e+00,-4.80e-03,
65,-5.80e+00,-2.00e-03,
66,-6.20e+00,-4.80e-03,
67,-5.80e+00,-1.60e-03,
68,-6.20e+00,-2.00e-03,
69,-5.80e+00,-5.20e-03,
70,-6.20e+00,-4.80e-03,
71,-5.60e+00,-1.20e-03,
72,-6.20e+00,-2.00e-03,
73,-5.60e+00,-4.80e-03,
74,-6.20e+00,-2.00e-03,
75,-5.60e+00,-4.80e-03,
76,-5.60e+00,-2.00e-03,
77,-6.00e+00,-4.80e-03,
78,-6.00e+00,-4.80e-03,
79,-5.60e+00,-1.60e-03,
80,-6.00e+00,-4.80e-03,
81,-5.60e+00,-8.00e-04,
82,-6.00e+00,-1.60e-03,
83,-5.40e+00,-4.40e-03,
84,-6.00e+00,-4.40e-03,
85,-5.40e+00,-1.20e-03,
86,-5.40e+00,-1.20e-03,
87,-5.80e+00,-4.40e-03,
88,-5.80e+00,-4.80e-03,
89,-5.40e+00,-8.00e-04,
90,-5.80e+00,-4.40e-03,
91,-5.20e+00,0.00e+00,
92,-5.20e+00,-8.00e-04,
93,-5.60e+00,-4.80e-03,
94,-5.20e+00,-1.60e-03,
95,-5.60e+00,-4.40e-03,
96,-5.60e+00,-1.20e-03,
97,-5.00e+00,-4.80e-03,
98,-5.00e+00,-4.00e-03,
99,-5.40e+00,-4.00e-04,
100,-5.40e+00,-1.20e-03,
101,-5.00e+00,-4.00e-03,
102,-5.20e+00,-4.00e-04,
103,-4.80e+00,-4.00e-03,
104,-4.80e+00,-4.40e-03,
105,-5.20e+00,-1.20e-03,
106,-5.00e+00,-3.60e-03,
107,-4.40e+00,-4.00e-04,
108,-5.00e+00,-4.00e-03,
109,-4.40e+00,-4.00e-04,
110,-5.00e+00,-8.00e-04,
111,-4.20e+00,-3.60e-03,
112,-4.60e+00,-3.60e-03,
113,-4.20e+00,-8.00e-04,
114,-4.60e+00,-4.00e-04,
115,-4.00e+00,-3.20e-03,
116,-4.00e+00,-4.00e-04,
117,-4.40e+00,-3.20e-03,
118,-4.40e+00,-3.20e-03,
119,-3.80e+00,-4.00e-04,
120,-3.80e+00,-4.00e-04,
121,-4.20e+00,-4.00e-03,
122,-4.20e+00,4.00e-04,
123,-3.60e+00,-3.20e-03,
124,-4.00e+00,0.00e+00,
125,-3.40e+00,-3.60e-03,
126,-3.40e+00,-3.20e-03,
127,-3.80e+00,4.00e-04,
128,-3.80e+00,0.00e+00,
129,-3.20e+00,-3.20e-03,
130,-3.20e+00,4.00e-04,
131,-3.60e+00,-3.20e-03,
132,-3.40e+00,-2.80e-03,
133,-2.80e+00,4.00e-04,
134,-3.40e+00,4.00e-04,
135,-2.60e+00,-2.80e-03,
136,-2.60e+00,4.00e-04,
137,-3.00e+00,-2.80e-03,
138,-2.80e+00,0.00e+00,
139,-2.40e+00,-2.40e-03,
140,-2.80e+00,-2.40e-03,
141,-2.20e+00,1.20e-03,
142,-2.20e+00,4.00e-04,
143,-2.60e+00,-2.00e-03,
144,-2.40e+00,8.00e-04,
145,-2.00e+00,-2.40e-03,
146,-2.40e+00,-1.60e-03,
147,-1.80e+00,8.00e-04,
148,-2.20e+00,1.20e-03,
149,-1.60e+00,-2.00e-03,
150,-1.60e+00,-2.00e-03,
151,-2.00e+00,8.00e-04,
152,-1.60e+00,8.00e-04,
153,-1.20e+00,-1.60e-03,
154,-1.60e+00,-1.60e-03,
155,-1.00e+00,8.00e-04,
156,-1.40e+00,-1.60e-03,
157,-8.00e-01,1.20e-03,
158,-8.00e-01,-1.60e-03,
159,-1.20e+00,1.60e-03,
160,-1.00e+00,-1.60e-03,
161,-6.00e-01,2.00e-03,
162,-1.00e+00,-8.00e-04,
163,-4.00e-01,2.80e-03,
164,-8.00e-01,-8.00e-04,
165,-2.00e-01,1.60e-03,
166,-2.00e-01,2.00e-03,
167,-6.00e-01,-1.20e-03,
168,-4.00e-01,-1.20e-03,
169,2.00e-01,2.40e-03,
170,0.00e+00,-8.00e-04,
171,4.00e-01,2.80e-03,
172,0.00e+00,3.20e-03,
173,6.00e-01,-4.00e-04,
174,2.00e-01,-4.00e-04,
175,8.00e-01,2.80e-03,
176,8.00e-01,2.80e-03,
177,4.00e-01,-8.00e-04,
178,6.00e-01,2.80e-03,
179,1.00e+00,-4.00e-04,
180,8.00e-01,4.00e-03,
181,1.20e+00,-4.00e-04,
182,1.00e+00,0.00e+00,
183,1.40e+00,2.80e-03,
184,1.00e+00,4.00e-04,
185,1.60e+00,3.20e-03,
186,1.20e+00,0.00e+00,
187,1.80e+00,3.20e-03,
188,1.60e+00,3.60e-03,
189,2.00e+00,4.00e-04,
190,1.80e+00,8.00e-04,
191,2.20e+00,3.60e-03,
192,2.00e+00,3.20e-03,
193,2.40e+00,8.00e-04,
194,2.00e+00,1.20e-03,
195,2.60e+00,4.00e-03,
196,2.60e+00,8.00e-04,
197,2.20e+00,3.60e-03,
198,2.40e+00,1.20e-03,
199,2.80e+00,4.00e-03,
200,2.60e+00,1.20e-03,
201,3.00e+00,4.80e-03,
202,2.80e+00,1.60e-03,
203,3.20e+00,4.80e-03,
204,2.80e+00,4.80e-03,
205,3.60e+00,1.60e-03,
206,3.20e+00,1.60e-03,
207,3.60e+00,4.80e-03,
208,3.40e+00,5.20e-03,
209,3.80e+00,1.60e-03,
210,3.60e+00,2.00e-03,
211,4.00e+00,5.20e-03,
212,3.60e+00,2.00e-03,
213,4.20e+00,5.20e-03,
214,4.20e+00,2.00e-03,
215,3.80e+00,5.60e-03,
216,4.00e+00,5.60e-03,
217,4.40e+00,2.00e-03,
218,4.20e+00,6.00e-03,
219,4.60e+00,2.00e-03,
220,4.60e+00,2.40e-03,
221,4.40e+00,6.00e-03,
222,4.40e+00,4.80e-03,
223,5.00e+00,2.40e-03,
224,4.80e+00,2.40e-03,
225,5.20e+00,6.00e-03,
226,5.00e+00,2.40e-03,
227,5.40e+00,5.20e-03,
228,5.40e+00,2.80e-03,
229,5.00e+00,5.20e-03,
230,5.20e+00,2.80e-03,
231,5.60e+00,5.60e-03,
232,5.40e+00,2.80e-03,
233,5.80e+00,5.60e-03,
234,5.40e+00,2.80e-03,
235,5.80e+00,5.60e-03,
236,5.60e+00,3.20e-03,
237,6.00e+00,6.00e-03,
238,5.80e+00,5.60e-03,
239,6.20e+00,2.80e-03,
240,6.20e+00,2.80e-03,
241,5.80e+00,6.80e-03,
242,6.00e+00,6.80e-03,
243,6.60e+00,3.20e-03,
244,6.00e+00,6.40e-03,
245,6.60e+00,2.80e-03,
246,6.40e+00,3.20e-03,
247,6.80e+00,7.20e-03,
248,6.60e+00,6.80e-03,
249,7.00e+00,3.60e-03,
250,7.00e+00,2.80e-03,
251,6.60e+00,6.40e-03,
252,6.80e+00,6.40e-03,
253,7.20e+00,3.60e-03,
254,6.80e+00,3.60e-03,
255,7.20e+00,6.80e-03,
256,7.00e+00,3.60e-03,
257,7.40e+00,6.80e-03,
258,7.40e+00,7.20e-03,
259,7.00e+00,3.20e-03,
260,7.20e+00,3.60e-03,
261,7.60e+00,7.20e-03,
262,7.20e+00,4.00e-03,
263,7.60e+00,6.80e-03,
264,7.40e+00,3.60e-03,
265,7.80e+00,7.20e-03,
266,7.40e+00,6.80e-03,
267,7.80e+00,3.60e-03,
268,7.60e+00,7.20e-03,
269,7.80e+00,4.00e-03,
270,7.60e+00,4.40e-03,
271,8.20e+00,7.20e-03,
272,8.20e+00,7.20e-03,
273,7.60e+00,4.00e-03,
274,8.20e+00,3.60e-03,
275,7.80e+00,7.20e-03,
276,8.00e+00,7.20e-03,
277,8.40e+00,4.00e-03,
278,8.00e+00,4.40e-03,
279,8.40e+00,8.00e-03,
280,8.40e+00,7.60e-03,
281,8.00e+00,3.60e-03,
282,8.40e+00,7.60e-03,
283,8.20e+00,4.00e-03,
284,8.20e+00,8.40e-03,
285,8.60e+00,4.40e-03,
286,8.20e+00,7.60e-03,
287,8.60e+00,4.00e-03,
288,8.20e+00,8.00e-03,
289,8.60e+00,4.00e-03,
290,8.40e+00,4.40e-03,
291,8.80e+00,8.00e-03,
292,8.40e+00,7.60e-03,
293,8.80e+00,4.40e-03,
294,8.40e+00,8.40e-03,
295,8.80e+00,4.40e-03,
296,8.80e+00,8.40e-03,
297,8.40e+00,4.00e-03,
298,8.40e+00,4.40e-03,
299,8.80e+00,8.00e-03,
300,8.80e+00,7.60e-03,
301,8.40e+00,4.40e-03,
302,8.60e+00,7.60e-03,
303,8.80e+00,4.40e-03,
304,8.80e+00,4.00e-03,
305,8.60e+00,7.60e-03,
306,8.80e+00,4.80e-03,
307,8.60e+00,7.60e-03,
308,8.80e+00,7.20e-03,
309,8.60e+00,4.00e-03,
310,8.80e+00,7.60e-03,
311,8.60e+00,4.00e-03,
312,8.80e+00,7.20e-03,
313,8.60e+00,4.40e-03,
314,8.80e+00,7.20e-03,
315,8.60e+00,4.00e-03,
316,8.60e+00,4.40e-03,
317,8.80e+00,7.60e-03,
318,8.80e+00,4.00e-03,
319,8.40e+00,8.00e-03,
320,8.80e+00,7.60e-03,
321,8.40e+00,4.40e-03,
322,8.40e+00,4.40e-03,
323,8.80e+00,7.60e-03,
324,8.80e+00,8.00e-03,
325,8.40e+00,3.60e-03,
326,8.80e+00,7.20e-03,
327,8.40e+00,4.40e-03,
328,8.60e+00,4.00e-03,
329,8.40e+00,7.20e-03,
330,8.60e+00,4.00e-03,
331,8.20e+00,7.60e-03,
332,8.20e+00,7.20e-03,
333,8.60e+00,4.00e-03,
334,8.60e+00,8.00e-03,
335,8.20e+00,4.00e-03,
336,8.20e+00,3.60e-03,
337,8.40e+00,7.60e-03,
338,8.40e+00,7.20e-03,
339,8.00e+00,3.60e-03,
340,8.00e+00,4.00e-03,
341,8.40e+00,6.80e-03,
342,8.00e+00,7.20e-03,
343,8.40e+00,4.00e-03,
344,8.20e+00,6.80e-03,
345,7.80e+00,4.00e-03,
346,8.20e+00,3.60e-03,
347,7.60e+00,6.80e-03,
348,8.00e+00,3.60e-03,
349,7.60e+00,6.40e-03,
350,7.80e+00,3.60e-03,
351,7.40e+00,6.00e-03,
352,7.80e+00,3.20e-03,
353,7.40e+00,6.40e-03,
354,7.60e+00,7.20e-03,
355,7.20e+00,3.20e-03,
356,7.60e+00,6.00e-03,
357,7.20e+00,3.20e-03,
358,7.40e+00,6.40e-03,
359,7.20e+00,2.80e-03,
360,7.40e+00,6.40e-03,
361,7.00e+00,3.20e-03,
362,7.20e+00,3.20e-03,
363,6.80e+00,6.80e-03,
364,6.80e+00,6.80e-03,
365,7.20e+00,2.80e-03,
366,7.00e+00,6.40e-03,
367,6.60e+00,2.80e-03,
368,7.00e+00,2.80e-03,
369,6.60e+00,6.40e-03,
370,6.80e+00,2.80e-03,
371,6.40e+00,5.60e-03,
372,6.40e+00,6.00e-03,
373,6.80e+00,2.40e-03,
374,6.60e+00,7.20e-03,
375,6.00e+00,2.00e-03,
376,6.00e+00,6.00e-03,
377,6.60e+00,2.00e-03,
378,6.20e+00,2.40e-03,
379,5.80e+00,6.00e-03,
380,6.00e+00,2.40e-03,
381,5.60e+00,5.60e-03,
382,6.00e+00,5.60e-03,
383,5.60e+00,2.00e-03,
384,5.80e+00,5.20e-03,
385,5.40e+00,1.60e-03,
386,5.60e+00,2.00e-03,
387,5.20e+00,4.80e-03,
388,5.60e+00,5.20e-03,
389,5.20e+00,1.60e-03,
390,5.40e+00,2.00e-03,
391,5.00e+00,4.80e-03,
392,5.20e+00,1.60e-03,
393,4.80e+00,5.20e-03,
394,4.80e+00,4.80e-03,
395,5.20e+00,1.20e-03,
396,5.00e+00,4.00e-03,
397,4.40e+00,1.60e-03,
398,4.60e+00,1.20e-03,
399,4.20e+00,4.80e-03,
400,4.60e+00,1.20e-03,
401,4.00e+00,4.40e-03,
402,4.40e+00,4.00e-04,
403,4.00e+00,4.40e-03,
404,4.20e+00,4.80e-03,
405,3.80e+00,8.00e-04,
406,4.00e+00,4.00e-03,
407,3.60e+00,8.00e-04,
408,3.80e+00,4.80e-03,
409,3.40e+00,4.00e-04,
410,3.40e+00,4.00e-04,
411,3.80e+00,4.00e-03,
412,3.60e+00,0.00e+00,
413,3.20e+00,4.40e-03,
414,3.40e+00,4.00e-03,
415,2.80e+00,0.00e+00,
416,3.00e+00,3.20e-03,
417,2.60e+00,-4.00e-04,
418,3.00e+00,0.00e+00,
419,2.40e+00,4.00e-03,
420,2.80e+00,0.00e+00,
421,2.40e+00,2.80e-03,
422,2.60e+00,2.80e-03,
423,2.20e+00,-4.00e-04,
424,2.40e+00,2.80e-03,
425,2.00e+00,-8.00e-04,
426,2.20e+00,-4.00e-04,
427,1.80e+00,2.80e-03,
428,2.20e+00,-8.00e-04,
429,1.60e+00,3.20e-03,
430,2.00e+00,-8.00e-04,
431,1.40e+00,2.40e-03,
432,1.80e+00,-1.20e-03,
433,1.20e+00,2.40e-03,
434,1.40e+00,2.00e-03,
435,1.00e+00,-1.60e-03,
436,1.20e+00,-1.20e-03,
437,8.00e-01,2.40e-03,
438,1.20e+00,-1.20e-03,
439,6.00e-01,2.00e-03,
440,1.00e+00,-1.20e-03,
441,4.00e-01,2.00e-03,
442,8.00e-01,2.00e-03,
443,2.00e-01,-1.60e-03,
444,2.00e-01,2.40e-03,
445,6.00e-01,-1.60e-03,
446,4.00e-01,2.00e-03,
447,0.00e+00,-1.60e-03,
448,0.00e+00,2.00e-03,
449,-4.00e-01,-2.80e-03,
450,0.00e+00,8.00e-04,
451,-6.00e-01,-2.40e-03,
452,-6.00e-01,1.20e-03,
453,-2.00e-01,-2.00e-03,
454,-4.00e-01,1.60e-03,
455,-8.00e-01,-2.40e-03,
456,-6.00e-01,1.20e-03,
457,-1.00e+00,-2.40e-03,
458,-6.00e-01,-2.40e-03,
459,-1.20e+00,1.20e-03,
460,-8.00e-01,8.00e-04,
461,-1.40e+00,-2.80e-03,
462,-1.40e+00,4.00e-04,
463,-1.00e+00,-2.80e-03,
464,-1.20e+00,-3.20e-03,
465,-1.80e+00,4.00e-04,
466,-1.40e+00,-2.40e-03,
467,-2.00e+00,0.00e+00,
468,-1.60e+00,0.00e+00,
469,-2.20e+00,-3.20e-03,
470,-1.80e+00,0.00e+00,
471,-2.20e+00,-2.80e-03,
472,-2.00e+00,-2.80e-03,
473,-2.40e+00,0.00e+00,
474,-2.00e+00,-3.20e-03,
475,-2.60e+00,0.00e+00,
476,-2.20e+00,-4.00e-04,
477,-2.80e+00,-3.60e-03,
478,-2.40e+00,-3.60e-03,
479,-2.80e+00,-4.00e-04,
480,-2.40e+00,-3.60e-03,
481,-3.00e+00,0.00e+00,
482,-2.60e+00,-4.00e-04,
483,-3.20e+00,-4.00e-03,
484,-3.40e+00,-4.00e-04,
485,-2.80e+00,-4.00e-03,
486,-2.80e+00,-4.00e-04,
487,-3.60e+00,-3.60e-03,
488,-3.60e+00,-4.00e-03,
489,-3.20e+00,0.00e+00,
490,-3.80e+00,-8.00e-04,
491,-3.40e+00,-4.00e-03,
492,-3.40e+00,-4.00e-03,
493,-4.00e+00,-8.00e-04,
494,-4.00e+00,-1.20e-03,
495,-3.60e+00,-4.00e-03,
496,-3.60e+00,-4.00e-04,
497,-4.20e+00,-4.40e-03,
498,-3.80e+00,-4.40e-03,
499,-4.40e+00,-8.00e-04,
500,-4.00e+00,-1.60e-03,
501,-4.40e+00,-4.40e-03,
502,-4.00e+00,-8.00e-04,
503,-4.60e+00,-4.40e-03,
504,-4.60e+00,-1.20e-03,
505,-4.20e+00,-5.20e-03,
506,-4.20e+00,-4.40e-03,
507,-5.00e+00,-1.60e-03,
508,-4.40e+00,-4.40e-03,
509,-5.00e+00,-2.00e-03,
510,-4.40e+00,-1.60e-03,
511,-5.20e+00,-4.80e-03,
512,-4.80e+00,-1.60e-03,
513,-5.20e+00,-4.40e-03,
514,-4.80e+00,-2.00e-03,
515,-5.20e+00,-4.80e-03,
516,-4.80e+00,-5.20e-03,
517,-5.40e+00,-2.00e-03,
518,-5.40e+00,-5.20e-03,
519,-5.00e+00,-2.00e-03,
520,-5.00e+00,-2.00e-03,
521,-5.60e+00,-5.20e-03,
522,-5.60e+00,-1.20e-03,
523,-5.20e+00,-5.20e-03,
524,-5.20e+00,-5.20e-03,
525,-5.60e+00,-2.00e-03,
526,-5.20e+00,-4.80e-03,
527,-5.80e+00,-2.00e-03,
528,-5.80e+00,-5.20e-03,
529,-5.40e+00,-2.00e-03,
530,-5.80e+00,-2.00e-03,
531,-5.40e+00,-5.20e-03,
532,-5.40e+00,-5.20e-03,
533,-6.00e+00,-2.00e-03,
534,-5.60e+00,-2.00e-03,
535,-6.00e+00,-5.20e-03,
536,-6.00e+00,-2.00e-03,
537,-5.60e+00,-5.60e-03,
538,-6.00e+00,-2.00e-03,
539,-5.60e+00,-5.60e-03,
540,-5.60e+00,-5.60e-03,
541,-6.20e+00,-2.00e-03,
542,-6.20e+00,-2.40e-03,
543,-5.60e+00,-5.20e-03,
544,-6.20e+00,-5.20e-03,
545,-5.80e+00,-2.00e-03,
546,-6.20e+00,-5.60e-03,
547,-5.80e+00,-2.40e-03,
548,-6.20e+00,-5.60e-03,
549,-5.80e+00,-2.40e-03,
550,-6.20e+00,-5.20e-03,
551,-5.80e+00,-2.40e-03,
552,-6.20e+00,-2.40e-03,
553,-5.80e+00,-5.60e-03,
554,-6.20e+00,-5.20e-03,
555,-5.80e+00,-1.20e-03,
556,-6.20e+00,-5.20e-03,
557,-5.80e+00,-2.40e-03,
558,-6.20e+00,-5.60e-03,
559,-5.80e+00,-2.40e-03,
560,-6.20e+00,-5.20e-03,
561,-5.80e+00,-1.20e-03,
562,-5.80e+00,-2.00e-03,
563,-6.20e+00,-5.60e-03,
564,-5.80e+00,-5.20e-03,
565,-6.20e+00,-1.20e-03,
566,-5.80e+00,-2.00e-03,
567,-6.20e+00,-5.20e-03,
568,-6.20e+00,-2.40e-03,
569,-6.00e+00,-5.60e-03,
570,-6.20e+00,-2.00e-03,
571,-6.00e+00,-5.20e-03,
572,-6.20e+00,-5.20e-03,
573,-5.80e+00,-1.60e-03,
574,-6.20e+00,-5.20e-03,
575,-5.60e+00,-1.60e-03,
576,-6.20e+00,-4.80e-03,
577,-5.60e+00,-1.60e-03,
578,-5.60e+00,-1.60e-03,
579,-6.00e+00,-5.20e-03,
580,-6.00e+00,-1.20e-03,
581,-5.60e+00,-5.20e-03,
582,-6.00e+00,-5.20e-03,
583,-5.60e+00,-2.00e-03,
584,-6.00e+00,-4.80e-03,
585,-5.40e+00,-1.60e-03,
586,-5.40e+00,-2.00e-03,
587,-5.80e+00,-4.80e-03,
588,-5.80e+00,-2.00e-03,
589,-5.40e+00,-5.20e-03,
590,-5.80e+00,-1.60e-03,
591,-5.20e+00,-4.80e-03,
592,-5.80e+00,-4.40e-03,
593,-5.20e+00,-2.00e-03,
594,-5.60e+00,-4.40e-03,
595,-5.20e+00,-1.60e-03,
596,-5.60e+00,-4.80e-03,
597,-5.00e+00,-2.00e-03,
598,-5.00e+00,-2.00e-03,
599,-5.40e+00,-5.20e-03,
600,-5.00e+00,-1.20e-03,
601,-5.40e+00,-4.40e-03,
602,-5.40e+00,-4.40e-03,
603,-4.80e+00,-8.00e-04,
604,-4.80e+00,-4.80e-03,
605,-5.20e+00,-8.00e-04,
606,-5.20e+00,-8.00e-04,
607,-4.40e+00,-4.40e-03,
608,-4.40e+00,-4.80e-03,
609,-5.00e+00,-8.00e-04,
610,-5.00e+00,-8.00e-04,
611,-4.20e+00,-4.40e-03,
612,-4.20e+00,-8.00e-04,
613,-4.60e+00,-4.00e-03,
614,-4.60e+00,-1.20e-03,
615,-4.00e+00,-4.40e-03,
616,-4.40e+00,-4.00e-04,
617,-4.00e+00,-3.60e-03,
618,-4.40e+00,-3.60e-03,
619,-3.80e+00,-8.00e-04,
620,-4.20e+00,-3.60e-03,
621,-3.80e+00,0.00e+00,
622,-4.00e+00,-3.60e-03,
623,-3.60e+00,-8.00e-04,
624,-4.00e+00,-3.60e-03,
625,-3.40e+00,0.00e+00,
626,-3.40e+00,-4.00e-04,
627,-3.80e+00,-3.60e-03,
628,-3.80e+00,-3.60e-03,
629,-3.20e+00,0.00e+00,
630,-3.20e+00,-2.80e-03,
631,-3.60e+00,4.00e-04,
632,-3.40e+00,-2.80e-03,
633,-2.80e+00,-4.00e-04,
634,-3.40e+00,-4.00e-04,
635,-2.60e+00,-3.20e-03,
636,-3.00e+00,-2.80e-03,
637,-2.60e+00,4.00e-04,
638,-2.80e+00,-2.80e-03,
639,-2.40e+00,8.00e-04,
640,-2.80e+00,4.00e-04,
641,-2.20e+00,-2.80e-03,
642,-2.20e+00,4.00e-04,
643,-2.60e+00,-2.80e-03,
644,-2.40e+00,-2.40e-03,
645,-2.00e+00,8.00e-04,
646,-2.40e+00,1.20e-03,
647,-1.80e+00,-2.40e-03,
648,-2.20e+00,-2.80e-03,
649,-1.60e+00,1.20e-03,
650,-1.60e+00,-2.00e-03,
651,-2.00e+00,8.00e-04,
652,-1.80e+00,1.20e-03,
653,-1.20e+00,-2.00e-03,
654,-1.60e+00,1.20e-03,
655,-1.00e+00,-2.00e-03,
656,-1.00e+00,1.60e-03,
657,-1.40e+00,-1.60e-03,
658,-8.00e-01,-1.60e-03,
659,-1.20e+00,2.00e-03,
660,-1.00e+00,-1.60e-03,
661,-6.00e-01,1.60e-03,
662,-1.00e+00,2.00e-03,
663,-4.00e-01,-1.60e-03,
664,-8.00e-01,-1.20e-03,
665,-2.00e-01,2.00e-03,
666,-2.00e-01,-1.20e-03,
667,-6.00e-01,1.60e-03,
668,0.00e+00,2.40e-03,
669,-4.00e-01,-8.00e-04,
670,0.00e+00,-8.00e-04,
671,4.00e-01,2.00e-03,
672,0.00e+00,-8.00e-04,
673,6.00e-01,2.00e-03,
674,2.00e-01,2.80e-03,
675,8.00e-01,-4.00e-04,
676,8.00e-01,-4.00e-04,
677,4.00e-01,2.40e-03,
678,6.00e-01,0.00e+00,
679,1.00e+00,2.80e-03,
680,8.00e-01,0.00e+00,
681,1.20e+00,3.60e-03,
682,1.00e+00,3.20e-03,
683,1.40e+00,0.00e+00,
684,1.00e+00,4.00e-03,
685,1.60e+00,-4.00e-04,
686,1.20e+00,4.00e-04,
687,1.80e+00,3.60e-03,
688,1.60e+00,0.00e+00,
689,2.00e+00,3.20e-03,
690,1.80e+00,4.00e-04,
691,2.20e+00,4.00e-03,
692,2.00e+00,4.00e-03,
693,2.40e+00,4.00e-04,
694,2.00e+00,8.00e-04,
695,2.60e+00,4.00e-03,
696,2.60e+00,4.00e-03,
697,2.20e+00,8.00e-04,
698,2.40e+00,8.00e-04,
699,2.80e+00,3.60e-03,
700,2.60e+00,1.20e-03,
701,3.00e+00,4.80e-03,
702,2.80e+00,4.00e-03,
703,3.40e+00,1.20e-03,
704,3.40e+00,1.20e-03,
705,2.80e+00,4.00e-03,
706,3.20e+00,1.60e-03,
707,3.60e+00,4.40e-03,
708,3.40e+00,1.20e-03,
709,3.80e+00,4.40e-03,
710,3.60e+00,4.80e-03,
711,4.00e+00,1.60e-03,
712,3.60e+00,4.80e-03,
713,4.20e+00,1.60e-03,
714,3.80e+00,1.60e-03,
715,4.20e+00,4.80e-03,
716,4.00e+00,2.00e-03,
717,4.40e+00,5.20e-03,
718,4.20e+00,5.20e-03,
719,4.60e+00,1.60e-03,
720,4.40e+00,5.20e-03,
721,4.80e+00,2.00e-03,
722,4.60e+00,5.20e-03,
723,5.00e+00,2.40e-03,
724,4.80e+00,2.40e-03,
725,5.20e+00,5.60e-03,
726,5.00e+00,5.60e-03,
727,5.40e+00,2.40e-03,
728,5.00e+00,5.60e-03,
729,5.40e+00,2.00e-03,
730,5.20e+00,2.40e-03,
731,5.60e+00,6.00e-03,
732,5.40e+00,2.80e-03,
733,5.80e+00,6.00e-03,
734,5.80e+00,6.00e-03,
735,5.40e+00,2.80e-03,
736,5.60e+00,3.20e-03,
737,6.00e+00,6.40e-03,
738,5.80e+00,6.00e-03,
739,6.20e+00,2.80e-03,
740,6.20e+00,6.40e-03,
741,5.80e+00,2.80e-03,
742,6.00e+00,5.60e-03,
743,6.60e+00,3.20e-03,
744,6.00e+00,6.00e-03,
745,6.60e+00,3.20e-03,
746,6.40e+00,6.00e-03,
747,6.80e+00,3.20e-03,
748,6.60e+00,2.80e-03,
749,7.00e+00,6.80e-03,
750,7.00e+00,3.60e-03,
751,6.60e+00,6.40e-03,
752,6.80e+00,6.40e-03,
753,7.20e+00,3.60e-03,
754,6.80e+00,6.40e-03,
755,7.20e+00,3.60e-03,
756,7.00e+00,3.60e-03,
757,7.40e+00,6.80e-03,
758,7.00e+00,3.60e-03,
759,7.40e+00,7.20e-03,
760,7.20e+00,4.00e-03,
761,7.60e+00,7.60e-03,
762,7.60e+00,4.00e-03,
763,7.20e+00,7.60e-03,
764,7.40e+00,3.60e-03,
765,7.80e+00,7.20e-03,
766,7.40e+00,3.60e-03,
767,7.80e+00,7.60e-03,
768,7.60e+00,7.20e-03,
769,7.80e+00,4.00e-03,
770,7.60e+00,7.60e-03,
771,8.20e+00,3.60e-03,
772,8.20e+00,7.20e-03,
773,7.60e+00,4.00e-03,
774,8.00e+00,7.60e-03,
775,8.20e+00,4.00e-03,
776,8.00e+00,7.20e-03,
777,8.40e+00,4.40e-03,
778,8.00e+00,4.40e-03,
779,8.40e+00,7.60e-03,
780,8.20e+00,7.60e-03,
781,8.40e+00,4.00e-03,
782,8.20e+00,7.20e-03,
783,8.60e+00,4.40e-03,
784,8.20e+00,7.60e-03,
785,8.60e+00,4.00e-03,
786,8.60e+00,4.40e-03,
787,8.20e+00,7.60e-03,
788,8.40e+00,4.40e-03,
789,8.60e+00,7.20e-03,
790,8.40e+00,4.00e-03,
791,8.80e+00,7.20e-03,
792,8.40e+00,7.20e-03,
793,8.80e+00,4.80e-03,
794,8.40e+00,7.60e-03,
795,8.80e+00,4.40e-03,
796,8.80e+00,4.80e-03,
797,8.40e+00,7.60e-03,
798,8.80e+00,4.40e-03,
799,8.40e+00,7.60e-03,
800,8.60e+00,7.60e-03,
801,8.80e+00,4.40e-03,
802,8.80e+00,7.60e-03,
803,8.60e+00,3.60e-03,
804,8.60e+00,4.00e-03,
805,8.80e+00,8.40e-03,
806,8.60e+00,7.60e-03,
807,8.80e+00,4.40e-03,
808,8.60e+00,4.40e-03,
809,8.80e+00,8.40e-03,
810,8.80e+00,4.40e-03,
811,8.60e+00,8.00e-03,
812,8.80e+00,4.80e-03,
813,8.60e+00,7.60e-03,
814,8.60e+00,8.00e-03,
815,8.80e+00,4.40e-03,
816,8.80e+00,7.60e-03,
817,8.60e+00,4.00e-03,
818,8.80e+00,8.00e-03,
819,8.60e+00,4.00e-03,
820,8.80e+00,7.60e-03,
821,8.40e+00,4.00e-03,
822,8.40e+00,4.40e-03,
823,8.80e+00,8.00e-03,
824,8.80e+00,4.00e-03,
825,8.40e+00,7.60e-03,
826,8.40e+00,7.60e-03,
827,8.80e+00,4.00e-03,
828,8.80e+00,7.20e-03,
829,8.40e+00,4.40e-03,
830,8.60e+00,6.80e-03,
831,8.40e+00,4.00e-03,
832,8.60e+00,4.40e-03,
833,8.20e+00,6.80e-03,
834,8.20e+00,7.20e-03,
835,8.60e+00,3.60e-03,
836,8.20e+00,7.20e-03,
837,8.40e+00,4.00e-03,
838,8.40e+00,4.00e-03,
839,8.00e+00,7.60e-03,
840,8.40e+00,7.60e-03,
841,8.00e+00,4.00e-03,
842,8.40e+00,6.80e-03,
843,8.00e+00,3.60e-03,
844,8.20e+00,7.60e-03,
845,8.00e+00,4.00e-03,
846,8.20e+00,7.20e-03,
847,7.60e+00,4.00e-03,
848,8.20e+00,4.00e-03,
849,7.60e+00,7.60e-03,
850,7.80e+00,3.60e-03,
851,7.40e+00,7.60e-03,
852,7.80e+00,7.20e-03,
853,7.40e+00,3.60e-03,
854,7.60e+00,3.60e-03,
855,7.40e+00,6.80e-03,
856,7.60e+00,6.40e-03,
857,7.20e+00,3.20e-03,
858,7.20e+00,6.80e-03,
859,7.60e+00,3.60e-03,
860,7.40e+00,6.80e-03,
861,7.00e+00,3.20e-03,
862,7.20e+00,3.20e-03,
863,7.00e+00,6.40e-03,
864,7.20e+00,6.00e-03,
865,6.80e+00,3.20e-03,
866,6.80e+00,3.60e-03,
867,7.00e+00,6.40e-03,
868,7.00e+00,3.60e-03,
869,6.60e+00,5.60e-03,
870,6.80e+00,6.00e-03,
871,6.40e+00,2.80e-03,
872,6.80e+00,2.40e-03,
873,6.40e+00,6.40e-03,
874,6.60e+00,6.80e-03,
875,6.20e+00,2.40e-03,
876,6.40e+00,5.60e-03,
877,6.00e+00,2.40e-03,
878,6.20e+00,2.80e-03,
879,5.80e+00,6.00e-03,
880,6.00e+00,5.60e-03,
881,5.60e+00,2.00e-03,
882,6.00e+00,2.40e-03,
883,5.60e+00,6.00e-03,
884,5.80e+00,2.40e-03,
885,5.40e+00,6.00e-03,
886,5.60e+00,5.20e-03,
887,5.40e+00,2.00e-03,
888,5.20e+00,2.40e-03,
889,5.60e+00,5.60e-03,
890,5.40e+00,4.80e-03,
891,5.00e+00,1.20e-03,
892,5.20e+00,5.20e-03,
893,4.80e+00,2.00e-03,
894,5.20e+00,5.60e-03,
895,4.80e+00,1.60e-03,
896,5.00e+00,4.80e-03,
897,4.40e+00,1.60e-03,
898,4.60e+00,1.60e-03,
899,4.20e+00,4.80e-03,
900,4.60e+00,1.60e-03,
901,4.00e+00,4.40e-03,
902,4.40e+00,4.80e-03,
903,4.00e+00,1.20e-03,
904,4.20e+00,1.20e-03,
905,3.80e+00,4.00e-03,
906,4.00e+00,8.00e-04,
907,3.60e+00,4.00e-03,
908,4.00e+00,8.00e-04,
909,3.60e+00,4.00e-03,
910,3.80e+00,4.40e-03,
911,3.40e+00,8.00e-04,
912,3.60e+00,3.60e-03,
913,3.20e+00,4.00e-04,
914,3.40e+00,3.60e-03,
915,2.80e+00,8.00e-04,
916,3.20e+00,4.00e-04,
917,2.80e+00,4.00e-03,
918,3.00e+00,4.00e-04,
919,2.60e+00,3.60e-03,
920,2.80e+00,3.60e-03,
921,2.40e+00,4.00e-04,
922,2.60e+00,4.00e-03,
923,2.20e+00,-4.00e-04,
924,2.40e+00,3.60e-03,
925,2.00e+00,0.00e+00,
926,2.40e+00,3.20e-03,
927,1.80e+00,-4.00e-04,
928,2.20e+00,-4.00e-04,
929,1.80e+00,2.40e-03,
930,2.00e+00,-4.00e-04,
931,1.60e+00,3.20e-03,
932,1.20e+00,-8.00e-04,
933,1.80e+00,2.80e-03,
934,1.40e+00,2.40e-03,
935,1.00e+00,-8.00e-04,
936,1.40e+00,2.80e-03,
937,8.00e-01,-1.20e-03,
938,8.00e-01,2.00e-03,
939,1.20e+00,-1.60e-03,
940,1.00e+00,-1.60e-03,
941,6.00e-01,2.40e-03,
942,8.00e-01,2.00e-03,
943,4.00e-01,-1.60e-03,
944,6.00e-01,-1.60e-03,
945,2.00e-01,2.00e-03,
946,6.00e-01,1.60e-03,
947,0.00e+00,-2.00e-03,
948,4.00e-01,1.20e-03,
949,-2.00e-01,-2.40e-03,
950,0.00e+00,1.20e-03,
951,-4.00e-01,-1.60e-03,
952,-2.00e-01,1.20e-03,
953,-6.00e-01,-2.40e-03,
954,-4.00e-01,8.00e-04,
955,-8.00e-01,-1.60e-03,
956,-4.00e-01,8.00e-04,
957,-1.00e+00,-2.00e-03,
958,-6.00e-01,-2.00e-03,
959,-1.20e+00,8.00e-04,
960,-8.00e-01,1.20e-03,
961,-1.20e+00,-2.40e-03,
962,-1.00e+00,1.20e-03,
963,-1.40e+00,-2.80e-03,
964,-1.00e+00,-2.40e-03,
965,-1.60e+00,8.00e-04,
966,-1.20e+00,8.00e-04,
967,-1.80e+00,-2.80e-03,
968,-1.60e+00,-2.80e-03,
969,-2.00e+00,4.00e-04,
970,-1.80e+00,4.00e-04,
971,-2.20e+00,-2.80e-03,
972,-1.80e+00,8.00e-04,
973,-2.40e+00,-3.20e-03,
974,-2.40e+00,4.00e-04,
975,-2.00e+00,-3.20e-03,
976,-2.20e+00,4.00e-04,
977,-2.60e+00,-3.20e-03,
978,-2.20e+00,-3.20e-03,
979,-2.80e+00,0.00e+00,
980,-2.40e+00,0.00e+00,
981,-3.00e+00,-3.20e-03,
982,-3.00e+00,-3.20e-03,
983,-2.60e+00,-8.00e-04,
984,-2.80e+00,-3.60e-03,
985,-3.20e+00,-8.00e-04,
986,-2.80e+00,-3.60e-03,
987,-3.60e+00,-8.00e-04,
988,-3.20e+00,-4.00e-04,
989,-3.60e+00,-3.60e-03,
990,-3.20e+00,-8.00e-04,
991,-3.80e+00,-3.60e-03,
992,-3.40e+00,-3.60e-03,
993,-3.80e+00,-8.00e-04,
994,-3.60e+00,-3.60e-03,
995,-4.00e+00,-1.20e-03,
996,-3.60e+00,-3.60e-03,
997,-4.20e+00,-1.20e-03,
998,-4.20e+00,-8.00e-04,
999,-3.80e+00,-4.40e-03,
1000,-3.80e+00,-8.00e-04,
1001,-4.40e+00,-4.00e-03,
1002,-4.40e+00,-4.00e-04,
1003,-4.00e+00,-4.40e-03,
1004,-4.00e+00,-4.00e-03,
1005,-4.60e+00,-1.20e-03,
1006,-4.60e+00,-4.00e-03,
1007,-4.20e+00,-8.00e-04,
1008,-4.20e+00,-8.00e-04,
1009,-5.00e+00,-4.40e-03,
1010,-5.00e+00,-4.40e-03,
1011,-4.40e+00,-1.20e-03,
1012,-4.40e+00,-4.80e-03,
1013,-5.20e+00,-1.20e-03,
1014,-5.20e+00,-4.40e-03,
1015,-4.80e+00,-1.20e-03,
1016,-4.80e+00,-4.80e-03,
1017,-5.40e+00,-1.60e-03,
1018,-5.00e+00,-1.60e-03,
1019,-5.40e+00,-4.80e-03,
1020,-5.40e+00,-1.60e-03,
1021,-5.00e+00,-4.80e-03,
1022,-5.00e+00,-4.40e-03,
1023,-5.60e+00,-1.60e-03,
1024,-5.60e+00,-4.40e-03,
1025,-5.20e+00,-2.00e-03,
1026,-5.20e+00,-1.20e-03,
1027,-5.60e+00,-4.80e-03,
1028,-5.20e+00,-1.60e-03,
1029,-5.80e+00,-5.60e-03,
1030,-5.80e+00,-4.80e-03,
1031,-5.40e+00,-2.00e-03,
1032,-5.40e+00,-1.60e-03,
1033,-5.80e+00,-5.20e-03,
1034,-5.40e+00,-2.40e-03,
1035,-6.00e+00,-5.20e-03,
1036,-5.40e+00,-2.40e-03,
1037,-6.00e+00,-4.80e-03,
1038,-6.00e+00,-2.00e-03,
1039,-5.60e+00,-5.20e-03,
1040,-6.00e+00,-5.60e-03,
1041,-5.60e+00,-1.60e-03,
1042,-6.00e+00,-5.20e-03,
1043,-5.60e+00,-1.60e-03,
1044,-5.60e+00,-4.80e-03,
1045,-6.00e+00,-2.00e-03,
1046,-5.60e+00,-1.20e-03,
1047,-6.20e+00,-5.60e-03,
1048,-6.20e+00,-5.60e-03,
1049,-5.60e+00,-1.60e-03,
1050,-6.20e+00,-5.60e-03,
1051,-5.80e+00,-1.60e-03,
1052,-6.20e+00,-2.00e-03,
1053,-5.80e+00,-5.20e-03,
1054,-6.20e+00,-4.80e-03,
1055,-6.00e+00,-1.20e-03,
1056,-6.20e+00,-5.20e-03,
1057,-6.00e+00,-1.20e-03,
1058,-6.20e+00,-2.00e-03,
1059,-5.80e+00,-4.80e-03,
1060,-6.20e+00,-1.60e-03,
1061,-5.80e+00,-5.60e-03,
1062,-6.20e+00,-5.20e-03,
1063,-5.80e+00,-2.00e-03,
1064,-6.20e+00,-2.40e-03,
1065,-5.80e+00,-5.20e-03,
1066,-6.20e+00,-2.00e-03,
1067,-5.80e+00,-5.20e-03,
1068,-6.20e+00,-5.60e-03,
1069,-5.60e+00,-2.00e-03,
1070,-6.20e+00,-5.20e-03,
1071,-5.60e+00,-2.00e-03,
1072,-6.00e+00,-4.80e-03,
1073,-5.60e+00,-1.60e-03,
1074,-6.00e+00,-4.80e-03,
1075,-5.60e+00,-2.00e-03,
1076,-6.00e+00,-5.20e-03,
1077,-5.60e+00,-2.00e-03,
1078,-6.00e+00,-5.20e-03,
1079,-5.60e+00,-1.60e-03,
1080,-6.00e+00,-1.20e-03,
1081,-5.40e+00,-4.80e-03,
1082,-5.40e+00,-4.40e-03,
1083,-6.00e+00,-1.20e-03,
1084,-5.40e+00,-5.20e-03,
1085,-5.80e+00,-1.20e-03,
1086,-5.80e+00,-5.20e-03,
1087,-5.60e+00,-1.20e-03,
1088,-5.80e+00,-4.80e-03,
1089,-5.20e+00,-1.20e-03,
1090,-5.20e+00,-4.40e-03,
1091,-5.60e+00,-1.20e-03,
1092,-5.20e+00,-4.40e-03,
1093,-5.60e+00,-8.00e-04,
1094,-5.60e+00,-1.20e-03,
1095,-5.00e+00,-4.80e-03,
1096,-5.00e+00,-4.40e-03,
1097,-5.40e+00,-4.00e-04,
1098,-5.40e+00,-4.00e-03,
1099,-5.00e+00,-8.00e-04,
1100,-5.40e+00,-4.00e-04,
1101,-4.80e+00,-4.40e-03,
1102,-4.80e+00,-1.20e-03,
1103,-5.20e+00,-4.00e-03,
1104,-5.20e+00,-1.20e-03,
1105,-4.40e+00,-4.00e-03,
1106,-5.00e+00,-3.60e-03,
1107,-4.40e+00,-8.00e-04,
1108,-4.40e+00,-4.00e-03,
1109,-5.00e+00,-8.00e-04,
1110,-4.60e+00,-3.60e-03,
1111,-4.20e+00,-8.00e-04,
1112,-4.60e+00,-8.00e-04,
1113,-4.20e+00,-3.60e-03,
1114,-4.40e+00,-4.00e-04,
1115,-4.00e+00,-4.40e-03,
1116,-4.40e+00,-4.00e-04,
1117,-3.80e+00,-3.60e-03,
1118,-4.20e+00,-4.00e-04,
1119,-3.80e+00,-3.60e-03,
1120,-4.20e+00,-4.00e-03,
1121,-3.60e+00,0.00e+00,
1122,-3.60e+00,0.00e+00,
1123,-4.00e+00,-3.20e-03,
1124,-4.00e+00,0.00e+00,
1125,-3.40e+00,-3.60e-03,
1126,-3.80e+00,-2.80e-03,
1127,-3.40e+00,0.00e+00,
1128,-3.20e+00,-2.80e-03,
1129,-3.60e+00,0.00e+00,
1130,-3.60e+00,8.00e-04,
1131,-2.80e+00,-3.20e-03,
1132,-2.80e+00,-2.80e-03,
1133,-3.40e+00,4.00e-04,
1134,-3.20e+00,8.00e-04,
1135,-2.60e+00,-3.20e-03,
1136,-3.00e+00,-2.80e-03,
1137,-2.40e+00,4.00e-04,
1138,-2.40e+00,8.00e-04,
1139,-2.80e+00,-2.40e-03,
1140,-2.60e+00,8.00e-04,
1141,-2.20e+00,-2.80e-03,
1142,-2.60e+00,-2.40e-03,
1143,-2.00e+00,4.00e-04,
1144,-2.40e+00,4.00e-04,
1145,-2.00e+00,-2.40e-03,
1146,-2.20e+00,1.20e-03,
1147,-1.80e+00,-2.00e-03,
1148,-2.20e+00,8.00e-04,
1149,-1.60e+00,-2.00e-03,
1150,-2.00e+00,-2.00e-03,
1151,-1.20e+00,1.20e-03,
1152,-1.60e+00,-1.60e-03,
1153,-1.20e+00,1.20e-03,
1154,-1.40e+00,-2.00e-03,
1155,-1.00e+00,1.60e-03,
1156,-1.20e+00,1.60e-03,
1157,-8.00e-01,-1.20e-03,
1158,-1.20e+00,-1.60e-03,
1159,-6.00e-01,1.60e-03,
1160,-6.00e-01,2.00e-03,
1161,-1.00e+00,-1.20e-03,
1162,-8.00e-01,-8.00e-04,
1163,-4.00e-01,2.40e-03,
1164,-6.00e-01,-1.60e-03,
1165,-2.00e-01,2.40e-03,
1166,-6.00e-01,-1.20e-03,
1167,0.00e+00,2.40e-03,
1168,-4.00e-01,2.40e-03,
1169,2.00e-01,-8.00e-04,
1170,0.00e+00,-8.00e-04,
1171,4.00e-01,2.80e-03,
1172,2.00e-01,-4.00e-04,
1173,6.00e-01,3.20e-03,
1174,2.00e-01,-8.00e-04,
1175,8.00e-01,2.80e-03,
1176,4.00e-01,-4.00e-04,
1177,1.00e+00,3.20e-03,
1178,1.00e+00,0.00e+00,
1179,6.00e-01,3.60e-03,
1180,8.00e-01,-8.00e-04,
1181,1.20e+00,3.20e-03,
1182,1.00e+00,2.80e-03,
1183,1.40e+00,4.00e-04,
1184,1.20e+00,3.20e-03,
1185,1.60e+00,0.00e+00,
1186,1.80e+00,8.00e-04,
1187,1.20e+00,3.20e-03,
1188,1.60e+00,8.00e-04,
1189,2.00e+00,3.60e-03,
1190,1.80e+00,4.00e-04,
1191,2.20e+00,3.20e-03,
1192,2.00e+00,8.00e-04,
1193,2.40e+00,3.60e-03,
1194,2.20e+00,8.00e-04,
1195,2.60e+00,4.00e-03,
1196,2.20e+00,4.00e-03,
1197,2.80e+00,8.00e-04,
1198,2.40e+00,4.40e-03,
1199,3.00e+00,1.20e-03,
